﻿[[],[{"Pos":"708, 406","Origin":"17, 37","rotation":0.0,"HitBox":{"X":708,"Y":406,"Width":34,"Height":74},"Dead":false,"Health":10.0,"Speed":5,"Damage":1,"EnemyType":0},{"Pos":"838, 414","Origin":"17, 37","rotation":0.0,"HitBox":{"X":838,"Y":414,"Width":34,"Height":74},"Dead":false,"Health":10.0,"Speed":5,"Damage":1,"EnemyType":0}],[{"Pos":"735, 409","Origin":"17, 37","rotation":0.0,"HitBox":{"X":735,"Y":409,"Width":34,"Height":74},"Dead":false,"Health":10.0,"Speed":5,"Damage":1,"EnemyType":0},{"Pos":"789, 410","Origin":"17, 37","rotation":0.0,"HitBox":{"X":789,"Y":410,"Width":34,"Height":74},"Dead":false,"Health":10.0,"Speed":5,"Damage":1,"EnemyType":0},{"Pos":"839, 410","Origin":"17, 37","rotation":0.0,"HitBox":{"X":839,"Y":410,"Width":34,"Height":74},"Dead":false,"Health":10.0,"Speed":5,"Damage":1,"EnemyType":0}],[{"Pos":"734, 428","Origin":"17, 37","rotation":0.0,"HitBox":{"X":734,"Y":428,"Width":34,"Height":74},"Dead":false,"Health":10.0,"Speed":5,"Damage":1,"EnemyType":0},{"Pos":"861, 423","Origin":"17, 37","rotation":0.0,"HitBox":{"X":861,"Y":423,"Width":34,"Height":74},"Dead":false,"Health":10.0,"Speed":5,"Damage":1,"EnemyType":0},{"Pos":"809, 423","Origin":"17, 37","rotation":0.0,"HitBox":{"X":809,"Y":423,"Width":34,"Height":74},"Dead":false,"Health":15.0,"Speed":2,"Damage":1,"EnemyType":1}],[{"Pos":"741, 422","Origin":"17, 37","rotation":0.0,"HitBox":{"X":741,"Y":422,"Width":34,"Height":74},"Dead":false,"Health":15.0,"Speed":2,"Damage":1,"EnemyType":1},{"Pos":"848, 418","Origin":"17, 37","rotation":0.0,"HitBox":{"X":848,"Y":418,"Width":34,"Height":74},"Dead":false,"Health":15.0,"Speed":2,"Damage":1,"EnemyType":1}],[{"Pos":"773, 422","Origin":"17, 37","rotation":0.0,"HitBox":{"X":773,"Y":422,"Width":34,"Height":74},"Dead":false,"Health":10.0,"Speed":5,"Damage":1,"EnemyType":0},{"Pos":"870, 420","Origin":"17, 37","rotation":0.0,"HitBox":{"X":870,"Y":420,"Width":34,"Height":74},"Dead":false,"Health":10.0,"Speed":5,"Damage":1,"EnemyType":0}],[{"Pos":"759, 442","Origin":"17, 37","rotation":0.0,"HitBox":{"X":759,"Y":442,"Width":34,"Height":74},"Dead":false,"Health":10.0,"Speed":5,"Damage":1,"EnemyType":0},{"Pos":"904, 416","Origin":"17, 37","rotation":0.0,"HitBox":{"X":904,"Y":416,"Width":34,"Height":74},"Dead":false,"Health":10.0,"Speed":5,"Damage":1,"EnemyType":0},{"Pos":"830, 424","Origin":"17, 37","rotation":0.0,"HitBox":{"X":830,"Y":424,"Width":34,"Height":74},"Dead":false,"Health":15.0,"Speed":2,"Damage":1,"EnemyType":1}],[{"Pos":"1039, 343","Origin":"17, 37","rotation":0.0,"HitBox":{"X":1039,"Y":343,"Width":34,"Height":74},"Dead":false,"Health":15.0,"Speed":2,"Damage":1,"EnemyType":1},{"Pos":"1042, 471","Origin":"17, 37","rotation":0.0,"HitBox":{"X":1042,"Y":471,"Width":34,"Height":74},"Dead":false,"Health":15.0,"Speed":2,"Damage":1,"EnemyType":1},{"Pos":"477, 476","Origin":"17, 37","rotation":0.0,"HitBox":{"X":477,"Y":476,"Width":34,"Height":74},"Dead":false,"Health":15.0,"Speed":2,"Damage":1,"EnemyType":1},{"Pos":"469, 344","Origin":"17, 37","rotation":0.0,"HitBox":{"X":469,"Y":344,"Width":34,"Height":74},"Dead":false,"Health":15.0,"Speed":2,"Damage":1,"EnemyType":1}],[{"Pos":"738, 423","Origin":"17, 37","rotation":0.0,"HitBox":{"X":738,"Y":423,"Width":34,"Height":74},"Dead":false,"Health":10.0,"Speed":5,"Damage":1,"EnemyType":0},{"Pos":"834, 424","Origin":"17, 37","rotation":0.0,"HitBox":{"X":834,"Y":424,"Width":34,"Height":74},"Dead":false,"Health":10.0,"Speed":5,"Damage":1,"EnemyType":0}],[{"Pos":"739, 419","Origin":"17, 37","rotation":0.0,"HitBox":{"X":739,"Y":419,"Width":34,"Height":74},"Dead":false,"Health":10.0,"Speed":5,"Damage":1,"EnemyType":0},{"Pos":"859, 415","Origin":"17, 37","rotation":0.0,"HitBox":{"X":859,"Y":415,"Width":34,"Height":74},"Dead":false,"Health":10.0,"Speed":5,"Damage":1,"EnemyType":0},{"Pos":"800, 418","Origin":"17, 37","rotation":0.0,"HitBox":{"X":800,"Y":418,"Width":34,"Height":74},"Dead":false,"Health":15.0,"Speed":2,"Damage":1,"EnemyType":1}],[{"Pos":"888, 355","Origin":"17, 37","rotation":0.0,"HitBox":{"X":888,"Y":355,"Width":34,"Height":74},"Dead":false,"Health":10.0,"Speed":5,"Damage":1,"EnemyType":0},{"Pos":"656, 462","Origin":"17, 37","rotation":0.0,"HitBox":{"X":656,"Y":462,"Width":34,"Height":74},"Dead":false,"Health":10.0,"Speed":5,"Damage":1,"EnemyType":0}],[{"Pos":"775, 356","Origin":"17, 37","rotation":0.0,"HitBox":{"X":775,"Y":356,"Width":34,"Height":74},"Dead":false,"Health":10.0,"Speed":5,"Damage":1,"EnemyType":0},{"Pos":"775, 465","Origin":"17, 37","rotation":0.0,"HitBox":{"X":775,"Y":465,"Width":34,"Height":74},"Dead":false,"Health":10.0,"Speed":5,"Damage":1,"EnemyType":0}],[{"Pos":"424, 417","Origin":"17, 37","rotation":0.0,"HitBox":{"X":424,"Y":417,"Width":34,"Height":74},"Dead":false,"Health":10.0,"Speed":5,"Damage":1,"EnemyType":0},{"Pos":"1128, 418","Origin":"17, 37","rotation":0.0,"HitBox":{"X":1128,"Y":418,"Width":34,"Height":74},"Dead":false,"Health":10.0,"Speed":5,"Damage":1,"EnemyType":0},{"Pos":"782, 418","Origin":"17, 37","rotation":0.0,"HitBox":{"X":782,"Y":418,"Width":34,"Height":74},"Dead":false,"Health":15.0,"Speed":2,"Damage":1,"EnemyType":1}],[{"Pos":"726, 411","Origin":"17, 37","rotation":0.0,"HitBox":{"X":726,"Y":411,"Width":34,"Height":74},"Dead":false,"Health":10.0,"Speed":5,"Damage":1,"EnemyType":0},{"Pos":"835, 414","Origin":"17, 37","rotation":0.0,"HitBox":{"X":835,"Y":414,"Width":34,"Height":74},"Dead":false,"Health":10.0,"Speed":5,"Damage":1,"EnemyType":0}],[{"Pos":"873, 349","Origin":"17, 37","rotation":0.0,"HitBox":{"X":873,"Y":349,"Width":34,"Height":74},"Dead":false,"Health":10.0,"Speed":5,"Damage":1,"EnemyType":0},{"Pos":"696, 478","Origin":"17, 37","rotation":0.0,"HitBox":{"X":696,"Y":478,"Width":34,"Height":74},"Dead":false,"Health":10.0,"Speed":5,"Damage":1,"EnemyType":0},{"Pos":"801, 417","Origin":"17, 37","rotation":0.0,"HitBox":{"X":801,"Y":417,"Width":34,"Height":74},"Dead":false,"Health":15.0,"Speed":2,"Damage":1,"EnemyType":1}],[{"Pos":"1063, 280","Origin":"17, 37","rotation":0.0,"HitBox":{"X":1063,"Y":280,"Width":34,"Height":74},"Dead":false,"Health":10.0,"Speed":5,"Damage":1,"EnemyType":0},{"Pos":"1062, 547","Origin":"17, 37","rotation":0.0,"HitBox":{"X":1062,"Y":547,"Width":34,"Height":74},"Dead":false,"Health":10.0,"Speed":5,"Damage":1,"EnemyType":0},{"Pos":"477, 547","Origin":"17, 37","rotation":0.0,"HitBox":{"X":477,"Y":547,"Width":34,"Height":74},"Dead":false,"Health":10.0,"Speed":5,"Damage":1,"EnemyType":0},{"Pos":"476, 268","Origin":"17, 37","rotation":0.0,"HitBox":{"X":476,"Y":268,"Width":34,"Height":74},"Dead":false,"Health":10.0,"Speed":5,"Damage":1,"EnemyType":0}],[{"Pos":"1031, 319","Origin":"17, 37","rotation":0.0,"HitBox":{"X":1031,"Y":319,"Width":34,"Height":74},"Dead":false,"Health":15.0,"Speed":2,"Damage":1,"EnemyType":1},{"Pos":"509, 334","Origin":"17, 37","rotation":0.0,"HitBox":{"X":509,"Y":334,"Width":34,"Height":74},"Dead":false,"Health":15.0,"Speed":2,"Damage":1,"EnemyType":1},{"Pos":"497, 508","Origin":"17, 37","rotation":0.0,"HitBox":{"X":497,"Y":508,"Width":34,"Height":74},"Dead":false,"Health":15.0,"Speed":2,"Damage":1,"EnemyType":1},{"Pos":"1027, 514","Origin":"17, 37","rotation":0.0,"HitBox":{"X":1027,"Y":514,"Width":34,"Height":74},"Dead":false,"Health":15.0,"Speed":2,"Damage":1,"EnemyType":1}],[{"Pos":"802, 425","Origin":"17, 37","rotation":0.0,"HitBox":{"X":802,"Y":425,"Width":34,"Height":74},"Dead":false,"Health":15.0,"Speed":2,"Damage":1,"EnemyType":1},{"Pos":"856, 420","Origin":"17, 37","rotation":0.0,"HitBox":{"X":856,"Y":420,"Width":34,"Height":74},"Dead":false,"Health":10.0,"Speed":5,"Damage":1,"EnemyType":0},{"Pos":"752, 420","Origin":"17, 37","rotation":0.0,"HitBox":{"X":752,"Y":420,"Width":34,"Height":74},"Dead":false,"Health":10.0,"Speed":5,"Damage":1,"EnemyType":0}],[{"Pos":"1059, 284","Origin":"17, 37","rotation":0.0,"HitBox":{"X":1059,"Y":284,"Width":34,"Height":74},"Dead":false,"Health":10.0,"Speed":5,"Damage":1,"EnemyType":0},{"Pos":"1044, 553","Origin":"17, 37","rotation":0.0,"HitBox":{"X":1044,"Y":553,"Width":34,"Height":74},"Dead":false,"Health":10.0,"Speed":5,"Damage":1,"EnemyType":0},{"Pos":"499, 546","Origin":"17, 37","rotation":0.0,"HitBox":{"X":499,"Y":546,"Width":34,"Height":74},"Dead":false,"Health":10.0,"Speed":5,"Damage":1,"EnemyType":0},{"Pos":"499, 279","Origin":"17, 37","rotation":0.0,"HitBox":{"X":499,"Y":279,"Width":34,"Height":74},"Dead":false,"Health":10.0,"Speed":5,"Damage":1,"EnemyType":0}],[],[{"Pos":"822, 405","Origin":"17, 37","rotation":0.0,"HitBox":{"X":822,"Y":405,"Width":34,"Height":74},"Dead":false,"Health":10.0,"Speed":5,"Damage":1,"EnemyType":0},{"Pos":"716, 408","Origin":"17, 37","rotation":0.0,"HitBox":{"X":716,"Y":408,"Width":34,"Height":74},"Dead":false,"Health":10.0,"Speed":5,"Damage":1,"EnemyType":0}],[{"Pos":"776, 369","Origin":"17, 37","rotation":0.0,"HitBox":{"X":776,"Y":369,"Width":34,"Height":74},"Dead":false,"Health":10.0,"Speed":5,"Damage":1,"EnemyType":0},{"Pos":"774, 467","Origin":"17, 37","rotation":0.0,"HitBox":{"X":774,"Y":467,"Width":34,"Height":74},"Dead":false,"Health":10.0,"Speed":5,"Damage":1,"EnemyType":0}],[{"Pos":"774, 413","Origin":"17, 37","rotation":0.0,"HitBox":{"X":774,"Y":413,"Width":34,"Height":74},"Dead":false,"Health":15.0,"Speed":2,"Damage":1,"EnemyType":1},{"Pos":"717, 414","Origin":"17, 37","rotation":0.0,"HitBox":{"X":717,"Y":414,"Width":34,"Height":74},"Dead":false,"Health":15.0,"Speed":2,"Damage":1,"EnemyType":1},{"Pos":"829, 407","Origin":"17, 37","rotation":0.0,"HitBox":{"X":829,"Y":407,"Width":34,"Height":74},"Dead":false,"Health":15.0,"Speed":2,"Damage":1,"EnemyType":1}],[{"Pos":"817, 372","Origin":"17, 37","rotation":0.0,"HitBox":{"X":817,"Y":372,"Width":34,"Height":74},"Dead":false,"Health":10.0,"Speed":5,"Damage":1,"EnemyType":0},{"Pos":"701, 480","Origin":"17, 37","rotation":0.0,"HitBox":{"X":701,"Y":480,"Width":34,"Height":74},"Dead":false,"Health":10.0,"Speed":5,"Damage":1,"EnemyType":0},{"Pos":"723, 380","Origin":"17, 37","rotation":0.0,"HitBox":{"X":723,"Y":380,"Width":34,"Height":74},"Dead":false,"Health":15.0,"Speed":2,"Damage":1,"EnemyType":1},{"Pos":"800, 465","Origin":"17, 37","rotation":0.0,"HitBox":{"X":800,"Y":465,"Width":34,"Height":74},"Dead":false,"Health":15.0,"Speed":2,"Damage":1,"EnemyType":1}],[{"Pos":"735, 418","Origin":"17, 37","rotation":0.0,"HitBox":{"X":735,"Y":418,"Width":34,"Height":74},"Dead":false,"Health":10.0,"Speed":5,"Damage":1,"EnemyType":0},{"Pos":"838, 410","Origin":"17, 37","rotation":0.0,"HitBox":{"X":838,"Y":410,"Width":34,"Height":74},"Dead":false,"Health":10.0,"Speed":5,"Damage":1,"EnemyType":0}],[{"Pos":"727, 405","Origin":"17, 37","rotation":0.0,"HitBox":{"X":727,"Y":405,"Width":34,"Height":74},"Dead":false,"Health":10.0,"Speed":5,"Damage":1,"EnemyType":0},{"Pos":"888, 398","Origin":"17, 37","rotation":0.0,"HitBox":{"X":888,"Y":398,"Width":34,"Height":74},"Dead":false,"Health":10.0,"Speed":5,"Damage":1,"EnemyType":0},{"Pos":"816, 404","Origin":"17, 37","rotation":0.0,"HitBox":{"X":816,"Y":404,"Width":34,"Height":74},"Dead":false,"Health":15.0,"Speed":2,"Damage":1,"EnemyType":1}],[{"Pos":"727, 388","Origin":"17, 37","rotation":0.0,"HitBox":{"X":727,"Y":388,"Width":34,"Height":74},"Dead":false,"Health":15.0,"Speed":2,"Damage":1,"EnemyType":1},{"Pos":"844, 395","Origin":"17, 37","rotation":0.0,"HitBox":{"X":844,"Y":395,"Width":34,"Height":74},"Dead":false,"Health":15.0,"Speed":2,"Damage":1,"EnemyType":1},{"Pos":"782, 440","Origin":"17, 37","rotation":0.0,"HitBox":{"X":782,"Y":440,"Width":34,"Height":74},"Dead":false,"Health":15.0,"Speed":2,"Damage":1,"EnemyType":1}],[{"Pos":"955, 363","Origin":"17, 37","rotation":0.0,"HitBox":{"X":955,"Y":363,"Width":34,"Height":74},"Dead":false,"Health":10.0,"Speed":5,"Damage":1,"EnemyType":0},{"Pos":"599, 388","Origin":"17, 37","rotation":0.0,"HitBox":{"X":599,"Y":388,"Width":34,"Height":74},"Dead":false,"Health":10.0,"Speed":5,"Damage":1,"EnemyType":0},{"Pos":"612, 482","Origin":"17, 37","rotation":0.0,"HitBox":{"X":612,"Y":482,"Width":34,"Height":74},"Dead":false,"Health":10.0,"Speed":5,"Damage":1,"EnemyType":0},{"Pos":"953, 463","Origin":"17, 37","rotation":0.0,"HitBox":{"X":953,"Y":463,"Width":34,"Height":74},"Dead":false,"Health":10.0,"Speed":5,"Damage":1,"EnemyType":0}],[{"Pos":"484, 375","Origin":"17, 37","rotation":0.0,"HitBox":{"X":484,"Y":375,"Width":34,"Height":74},"Dead":false,"Health":10.0,"Speed":5,"Damage":1,"EnemyType":0},{"Pos":"524, 441","Origin":"17, 37","rotation":0.0,"HitBox":{"X":524,"Y":441,"Width":34,"Height":74},"Dead":false,"Health":10.0,"Speed":5,"Damage":1,"EnemyType":0},{"Pos":"1025, 376","Origin":"17, 37","rotation":0.0,"HitBox":{"X":1025,"Y":376,"Width":34,"Height":74},"Dead":false,"Health":10.0,"Speed":5,"Damage":1,"EnemyType":0},{"Pos":"1075, 440","Origin":"17, 37","rotation":0.0,"HitBox":{"X":1075,"Y":440,"Width":34,"Height":74},"Dead":false,"Health":10.0,"Speed":5,"Damage":1,"EnemyType":0}],[{"Pos":"1035, 408","Origin":"17, 37","rotation":0.0,"HitBox":{"X":1035,"Y":408,"Width":34,"Height":74},"Dead":false,"Health":15.0,"Speed":2,"Damage":1,"EnemyType":1},{"Pos":"486, 418","Origin":"17, 37","rotation":0.0,"HitBox":{"X":486,"Y":418,"Width":34,"Height":74},"Dead":false,"Health":15.0,"Speed":2,"Damage":1,"EnemyType":1}],[{"Pos":"953, 303","Origin":"17, 37","rotation":0.0,"HitBox":{"X":953,"Y":303,"Width":34,"Height":74},"Dead":false,"Health":15.0,"Speed":2,"Damage":1,"EnemyType":1},{"Pos":"574, 303","Origin":"17, 37","rotation":0.0,"HitBox":{"X":574,"Y":303,"Width":34,"Height":74},"Dead":false,"Health":15.0,"Speed":2,"Damage":1,"EnemyType":1},{"Pos":"567, 503","Origin":"17, 37","rotation":0.0,"HitBox":{"X":567,"Y":503,"Width":34,"Height":74},"Dead":false,"Health":15.0,"Speed":2,"Damage":1,"EnemyType":1},{"Pos":"958, 507","Origin":"17, 37","rotation":0.0,"HitBox":{"X":958,"Y":507,"Width":34,"Height":74},"Dead":false,"Health":15.0,"Speed":2,"Damage":1,"EnemyType":1}],[{"Pos":"731, 369","Origin":"17, 37","rotation":0.0,"HitBox":{"X":731,"Y":369,"Width":34,"Height":74},"Dead":false,"Health":10.0,"Speed":5,"Damage":1,"EnemyType":0},{"Pos":"833, 470","Origin":"17, 37","rotation":0.0,"HitBox":{"X":833,"Y":470,"Width":34,"Height":74},"Dead":false,"Health":10.0,"Speed":5,"Damage":1,"EnemyType":0},{"Pos":"827, 365","Origin":"17, 37","rotation":0.0,"HitBox":{"X":827,"Y":365,"Width":34,"Height":74},"Dead":false,"Health":10.0,"Speed":5,"Damage":1,"EnemyType":0},{"Pos":"732, 459","Origin":"17, 37","rotation":0.0,"HitBox":{"X":732,"Y":459,"Width":34,"Height":74},"Dead":false,"Health":10.0,"Speed":5,"Damage":1,"EnemyType":0}],[{"Pos":"1201, 603","Origin":"17, 37","rotation":0.0,"HitBox":{"X":1201,"Y":603,"Width":34,"Height":74},"Dead":false,"Health":15.0,"Speed":2,"Damage":1,"EnemyType":1},{"Pos":"1197, 230","Origin":"17, 37","rotation":0.0,"HitBox":{"X":1197,"Y":230,"Width":34,"Height":74},"Dead":false,"Health":15.0,"Speed":2,"Damage":1,"EnemyType":1},{"Pos":"361, 226","Origin":"17, 37","rotation":0.0,"HitBox":{"X":361,"Y":226,"Width":34,"Height":74},"Dead":false,"Health":15.0,"Speed":2,"Damage":1,"EnemyType":1},{"Pos":"361, 609","Origin":"17, 37","rotation":0.0,"HitBox":{"X":361,"Y":609,"Width":34,"Height":74},"Dead":false,"Health":15.0,"Speed":2,"Damage":1,"EnemyType":1}],[{"Pos":"1199, 225","Origin":"17, 37","rotation":0.0,"HitBox":{"X":1199,"Y":225,"Width":34,"Height":74},"Dead":false,"Health":10.0,"Speed":5,"Damage":1,"EnemyType":0},{"Pos":"339, 604","Origin":"17, 37","rotation":0.0,"HitBox":{"X":339,"Y":604,"Width":34,"Height":74},"Dead":false,"Health":10.0,"Speed":5,"Damage":1,"EnemyType":0}],[{"Pos":"713, 413","Origin":"17, 37","rotation":0.0,"HitBox":{"X":713,"Y":413,"Width":34,"Height":74},"Dead":false,"Health":10.0,"Speed":5,"Damage":1,"EnemyType":0},{"Pos":"867, 416","Origin":"17, 37","rotation":0.0,"HitBox":{"X":867,"Y":416,"Width":34,"Height":74},"Dead":false,"Health":10.0,"Speed":5,"Damage":1,"EnemyType":0}],[{"Pos":"736, 413","Origin":"17, 37","rotation":0.0,"HitBox":{"X":736,"Y":413,"Width":34,"Height":74},"Dead":false,"Health":10.0,"Speed":5,"Damage":1,"EnemyType":0},{"Pos":"881, 413","Origin":"17, 37","rotation":0.0,"HitBox":{"X":881,"Y":413,"Width":34,"Height":74},"Dead":false,"Health":10.0,"Speed":5,"Damage":1,"EnemyType":0},{"Pos":"805, 416","Origin":"17, 37","rotation":0.0,"HitBox":{"X":805,"Y":416,"Width":34,"Height":74},"Dead":false,"Health":15.0,"Speed":2,"Damage":1,"EnemyType":1}],[{"Pos":"736, 407","Origin":"17, 37","rotation":0.0,"HitBox":{"X":736,"Y":407,"Width":34,"Height":74},"Dead":false,"Health":15.0,"Speed":2,"Damage":1,"EnemyType":1},{"Pos":"799, 412","Origin":"17, 37","rotation":0.0,"HitBox":{"X":799,"Y":412,"Width":34,"Height":74},"Dead":false,"Health":15.0,"Speed":2,"Damage":1,"EnemyType":1}],[],[],[],[{"Pos":"730, 401","Origin":"17, 37","rotation":0.0,"HitBox":{"X":730,"Y":401,"Width":34,"Height":74},"Dead":false,"Health":10.0,"Speed":5,"Damage":1,"EnemyType":0},{"Pos":"811, 409","Origin":"17, 37","rotation":0.0,"HitBox":{"X":811,"Y":409,"Width":34,"Height":74},"Dead":false,"Health":10.0,"Speed":5,"Damage":1,"EnemyType":0}],[{"Pos":"800, 413","Origin":"0, 0","rotation":0.0,"HitBox":{"X":800,"Y":413,"Width":34,"Height":74},"Dead":false,"Health":10.0,"Speed":3,"Damage":1,"EnemyType":5},{"Pos":"730, 412","Origin":"17, 37","rotation":0.0,"HitBox":{"X":730,"Y":412,"Width":34,"Height":74},"Dead":false,"Health":10.0,"Speed":3,"Damage":1,"EnemyType":5}],[{"Pos":"731, 391","Origin":"17, 37","rotation":0.0,"HitBox":{"X":731,"Y":391,"Width":34,"Height":74},"Dead":false,"Health":10.0,"Speed":5,"Damage":1,"EnemyType":0},{"Pos":"939, 307","Origin":"17, 37","rotation":0.0,"HitBox":{"X":939,"Y":307,"Width":34,"Height":74},"Dead":false,"Health":10.0,"Speed":5,"Damage":1,"EnemyType":0},{"Pos":"828, 404","Origin":"17, 37","rotation":0.0,"HitBox":{"X":828,"Y":404,"Width":34,"Height":74},"Dead":false,"Health":10.0,"Speed":3,"Damage":1,"EnemyType":5}],[{"Pos":"703, 407","Origin":"17, 37","rotation":0.0,"HitBox":{"X":703,"Y":407,"Width":34,"Height":74},"Dead":false,"Health":15.0,"Speed":2,"Damage":1,"EnemyType":1},{"Pos":"880, 425","Origin":"17, 37","rotation":0.0,"HitBox":{"X":880,"Y":425,"Width":34,"Height":74},"Dead":false,"Health":15.0,"Speed":2,"Damage":1,"EnemyType":1},{"Pos":"800, 413","Origin":"17, 37","rotation":0.0,"HitBox":{"X":800,"Y":413,"Width":34,"Height":74},"Dead":false,"Health":10.0,"Speed":3,"Damage":1,"EnemyType":5}],[{"Pos":"721, 404","Origin":"17, 37","rotation":0.0,"HitBox":{"X":721,"Y":404,"Width":34,"Height":74},"Dead":false,"Health":10.0,"Speed":5,"Damage":1,"EnemyType":0},{"Pos":"835, 410","Origin":"17, 37","rotation":0.0,"HitBox":{"X":835,"Y":410,"Width":34,"Height":74},"Dead":false,"Health":10.0,"Speed":5,"Damage":1,"EnemyType":0}],[{"Pos":"830, 407","Origin":"17, 37","rotation":0.0,"HitBox":{"X":830,"Y":407,"Width":34,"Height":74},"Dead":false,"Health":10.0,"Speed":5,"Damage":1,"EnemyType":0},{"Pos":"798, 327","Origin":"17, 37","rotation":0.0,"HitBox":{"X":798,"Y":327,"Width":34,"Height":74},"Dead":false,"Health":10.0,"Speed":5,"Damage":1,"EnemyType":0},{"Pos":"783, 450","Origin":"17, 37","rotation":0.0,"HitBox":{"X":783,"Y":450,"Width":34,"Height":74},"Dead":false,"Health":10.0,"Speed":5,"Damage":1,"EnemyType":0},{"Pos":"746, 406","Origin":"17, 37","rotation":0.0,"HitBox":{"X":746,"Y":406,"Width":34,"Height":74},"Dead":false,"Health":10.0,"Speed":5,"Damage":1,"EnemyType":0}],[{"Pos":"783, 427","Origin":"17, 37","rotation":0.0,"HitBox":{"X":783,"Y":427,"Width":34,"Height":74},"Dead":false,"Health":10.0,"Speed":5,"Damage":1,"EnemyType":0},{"Pos":"869, 375","Origin":"17, 37","rotation":0.0,"HitBox":{"X":869,"Y":375,"Width":34,"Height":74},"Dead":false,"Health":10.0,"Speed":5,"Damage":1,"EnemyType":0},{"Pos":"820, 357","Origin":"17, 37","rotation":0.0,"HitBox":{"X":820,"Y":357,"Width":34,"Height":74},"Dead":false,"Health":10.0,"Speed":3,"Damage":1,"EnemyType":5},{"Pos":"851, 461","Origin":"17, 37","rotation":0.0,"HitBox":{"X":851,"Y":461,"Width":34,"Height":74},"Dead":false,"Health":10.0,"Speed":3,"Damage":1,"EnemyType":5}],[{"Pos":"722, 438","Origin":"17, 37","rotation":0.0,"HitBox":{"X":722,"Y":438,"Width":34,"Height":74},"Dead":false,"Health":15.0,"Speed":2,"Damage":1,"EnemyType":1},{"Pos":"862, 353","Origin":"17, 37","rotation":0.0,"HitBox":{"X":862,"Y":353,"Width":34,"Height":74},"Dead":false,"Health":15.0,"Speed":2,"Damage":1,"EnemyType":1},{"Pos":"803, 403","Origin":"17, 37","rotation":0.0,"HitBox":{"X":803,"Y":403,"Width":34,"Height":74},"Dead":false,"Health":10.0,"Speed":3,"Damage":1,"EnemyType":5}],[{"Pos":"555, 308","Origin":"17, 37","rotation":0.0,"HitBox":{"X":555,"Y":308,"Width":34,"Height":74},"Dead":false,"Health":15.0,"Speed":2,"Damage":1,"EnemyType":1},{"Pos":"945, 319","Origin":"17, 37","rotation":0.0,"HitBox":{"X":945,"Y":319,"Width":34,"Height":74},"Dead":false,"Health":15.0,"Speed":2,"Damage":1,"EnemyType":1},{"Pos":"571, 537","Origin":"17, 37","rotation":0.0,"HitBox":{"X":571,"Y":537,"Width":34,"Height":74},"Dead":false,"Health":15.0,"Speed":2,"Damage":1,"EnemyType":1},{"Pos":"944, 530","Origin":"17, 37","rotation":0.0,"HitBox":{"X":944,"Y":530,"Width":34,"Height":74},"Dead":false,"Health":15.0,"Speed":2,"Damage":1,"EnemyType":1},{"Pos":"777, 414","Origin":"17, 37","rotation":0.0,"HitBox":{"X":777,"Y":414,"Width":34,"Height":74},"Dead":false,"Health":10.0,"Speed":3,"Damage":1,"EnemyType":5}],[{"Pos":"677, 424","Origin":"17, 37","rotation":0.0,"HitBox":{"X":677,"Y":424,"Width":34,"Height":74},"Dead":false,"Health":10.0,"Speed":5,"Damage":1,"EnemyType":0},{"Pos":"851, 395","Origin":"17, 37","rotation":0.0,"HitBox":{"X":851,"Y":395,"Width":34,"Height":74},"Dead":false,"Health":10.0,"Speed":5,"Damage":1,"EnemyType":0},{"Pos":"771, 374","Origin":"17, 37","rotation":0.0,"HitBox":{"X":771,"Y":374,"Width":34,"Height":74},"Dead":false,"Health":10.0,"Speed":3,"Damage":1,"EnemyType":5},{"Pos":"765, 473","Origin":"17, 37","rotation":0.0,"HitBox":{"X":765,"Y":473,"Width":34,"Height":74},"Dead":false,"Health":10.0,"Speed":3,"Damage":1,"EnemyType":5}],[{"Pos":"719, 402","Origin":"17, 37","rotation":0.0,"HitBox":{"X":719,"Y":402,"Width":34,"Height":74},"Dead":false,"Health":10.0,"Speed":3,"Damage":1,"EnemyType":5},{"Pos":"811, 407","Origin":"17, 37","rotation":0.0,"HitBox":{"X":811,"Y":407,"Width":34,"Height":74},"Dead":false,"Health":10.0,"Speed":3,"Damage":1,"EnemyType":5},{"Pos":"769, 384","Origin":"17, 37","rotation":0.0,"HitBox":{"X":769,"Y":384,"Width":34,"Height":74},"Dead":false,"Health":10.0,"Speed":3,"Damage":1,"EnemyType":5}],[{"Pos":"743, 360","Origin":"17, 37","rotation":0.0,"HitBox":{"X":743,"Y":360,"Width":34,"Height":74},"Dead":false,"Health":15.0,"Speed":2,"Damage":1,"EnemyType":1},{"Pos":"839, 439","Origin":"17, 37","rotation":0.0,"HitBox":{"X":839,"Y":439,"Width":34,"Height":74},"Dead":false,"Health":15.0,"Speed":2,"Damage":1,"EnemyType":1},{"Pos":"807, 364","Origin":"17, 37","rotation":0.0,"HitBox":{"X":807,"Y":364,"Width":34,"Height":74},"Dead":false,"Health":10.0,"Speed":3,"Damage":1,"EnemyType":5},{"Pos":"768, 439","Origin":"17, 37","rotation":0.0,"HitBox":{"X":768,"Y":439,"Width":34,"Height":74},"Dead":false,"Health":10.0,"Speed":3,"Damage":1,"EnemyType":5}],[{"Pos":"749, 419","Origin":"17, 37","rotation":0.0,"HitBox":{"X":749,"Y":419,"Width":34,"Height":74},"Dead":false,"Health":10.0,"Speed":5,"Damage":1,"EnemyType":0},{"Pos":"841, 419","Origin":"17, 37","rotation":0.0,"HitBox":{"X":841,"Y":419,"Width":34,"Height":74},"Dead":false,"Health":10.0,"Speed":5,"Damage":1,"EnemyType":0},{"Pos":"797, 418","Origin":"17, 37","rotation":0.0,"HitBox":{"X":797,"Y":418,"Width":34,"Height":74},"Dead":false,"Health":10.0,"Speed":3,"Damage":1,"EnemyType":5}],[{"Pos":"749, 383","Origin":"17, 37","rotation":0.0,"HitBox":{"X":749,"Y":383,"Width":34,"Height":74},"Dead":false,"Health":10.0,"Speed":5,"Damage":1,"EnemyType":0},{"Pos":"843, 382","Origin":"17, 37","rotation":0.0,"HitBox":{"X":843,"Y":382,"Width":34,"Height":74},"Dead":false,"Health":10.0,"Speed":5,"Damage":1,"EnemyType":0},{"Pos":"751, 467","Origin":"17, 37","rotation":0.0,"HitBox":{"X":751,"Y":467,"Width":34,"Height":74},"Dead":false,"Health":10.0,"Speed":5,"Damage":1,"EnemyType":0},{"Pos":"856, 474","Origin":"17, 37","rotation":0.0,"HitBox":{"X":856,"Y":474,"Width":34,"Height":74},"Dead":false,"Health":10.0,"Speed":5,"Damage":1,"EnemyType":0},{"Pos":"801, 434","Origin":"17, 37","rotation":0.0,"HitBox":{"X":801,"Y":434,"Width":34,"Height":74},"Dead":false,"Health":10.0,"Speed":3,"Damage":1,"EnemyType":5}],[{"Pos":"747, 412","Origin":"17, 37","rotation":0.0,"HitBox":{"X":747,"Y":412,"Width":34,"Height":74},"Dead":false,"Health":15.0,"Speed":2,"Damage":1,"EnemyType":1},{"Pos":"852, 415","Origin":"17, 37","rotation":0.0,"HitBox":{"X":852,"Y":415,"Width":34,"Height":74},"Dead":false,"Health":15.0,"Speed":2,"Damage":1,"EnemyType":1},{"Pos":"804, 421","Origin":"17, 37","rotation":0.0,"HitBox":{"X":804,"Y":421,"Width":34,"Height":74},"Dead":false,"Health":10.0,"Speed":3,"Damage":1,"EnemyType":5}],[{"Pos":"757, 423","Origin":"17, 37","rotation":0.0,"HitBox":{"X":757,"Y":423,"Width":34,"Height":74},"Dead":false,"Health":10.0,"Speed":3,"Damage":1,"EnemyType":5},{"Pos":"803, 423","Origin":"17, 37","rotation":0.0,"HitBox":{"X":803,"Y":423,"Width":34,"Height":74},"Dead":false,"Health":10.0,"Speed":3,"Damage":1,"EnemyType":5}],[{"Pos":"1148, 211","Origin":"17, 37","rotation":0.0,"HitBox":{"X":1148,"Y":211,"Width":34,"Height":74},"Dead":false,"Health":15.0,"Speed":2,"Damage":1,"EnemyType":1},{"Pos":"1150, 614","Origin":"17, 37","rotation":0.0,"HitBox":{"X":1150,"Y":614,"Width":34,"Height":74},"Dead":false,"Health":15.0,"Speed":2,"Damage":1,"EnemyType":1},{"Pos":"404, 613","Origin":"17, 37","rotation":0.0,"HitBox":{"X":404,"Y":613,"Width":34,"Height":74},"Dead":false,"Health":15.0,"Speed":2,"Damage":1,"EnemyType":1},{"Pos":"391, 231","Origin":"17, 37","rotation":0.0,"HitBox":{"X":391,"Y":231,"Width":34,"Height":74},"Dead":false,"Health":15.0,"Speed":2,"Damage":1,"EnemyType":1},{"Pos":"747, 403","Origin":"17, 37","rotation":0.0,"HitBox":{"X":747,"Y":403,"Width":34,"Height":74},"Dead":false,"Health":10.0,"Speed":3,"Damage":1,"EnemyType":5},{"Pos":"833, 417","Origin":"17, 37","rotation":0.0,"HitBox":{"X":833,"Y":417,"Width":34,"Height":74},"Dead":false,"Health":10.0,"Speed":3,"Damage":1,"EnemyType":5}],[{"Pos":"760, 414","Origin":"17, 37","rotation":0.0,"HitBox":{"X":760,"Y":414,"Width":34,"Height":74},"Dead":false,"Health":10.0,"Speed":3,"Damage":1,"EnemyType":5},{"Pos":"824, 413","Origin":"17, 37","rotation":0.0,"HitBox":{"X":824,"Y":413,"Width":34,"Height":74},"Dead":false,"Health":10.0,"Speed":3,"Damage":1,"EnemyType":5}],[{"Pos":"441, 614","Origin":"17, 37","rotation":0.0,"HitBox":{"X":441,"Y":614,"Width":34,"Height":74},"Dead":false,"Health":10.0,"Speed":3,"Damage":1,"EnemyType":5},{"Pos":"437, 219","Origin":"17, 37","rotation":0.0,"HitBox":{"X":437,"Y":219,"Width":34,"Height":74},"Dead":false,"Health":10.0,"Speed":3,"Damage":1,"EnemyType":5},{"Pos":"1110, 211","Origin":"17, 37","rotation":0.0,"HitBox":{"X":1110,"Y":211,"Width":34,"Height":74},"Dead":false,"Health":10.0,"Speed":3,"Damage":1,"EnemyType":5},{"Pos":"1115, 622","Origin":"17, 37","rotation":0.0,"HitBox":{"X":1115,"Y":622,"Width":34,"Height":74},"Dead":false,"Health":10.0,"Speed":3,"Damage":1,"EnemyType":5}],[{"Pos":"728, 418","Origin":"17, 37","rotation":0.0,"HitBox":{"X":728,"Y":418,"Width":34,"Height":74},"Dead":false,"Health":10.0,"Speed":5,"Damage":1,"EnemyType":0},{"Pos":"890, 418","Origin":"17, 37","rotation":0.0,"HitBox":{"X":890,"Y":418,"Width":34,"Height":74},"Dead":false,"Health":10.0,"Speed":5,"Damage":1,"EnemyType":0},{"Pos":"781, 421","Origin":"17, 37","rotation":0.0,"HitBox":{"X":781,"Y":421,"Width":34,"Height":74},"Dead":false,"Health":10.0,"Speed":3,"Damage":1,"EnemyType":5},{"Pos":"826, 416","Origin":"17, 37","rotation":0.0,"HitBox":{"X":826,"Y":416,"Width":34,"Height":74},"Dead":false,"Health":10.0,"Speed":3,"Damage":1,"EnemyType":5}],[{"Pos":"850, 350","Origin":"17, 37","rotation":0.0,"HitBox":{"X":850,"Y":350,"Width":34,"Height":74},"Dead":false,"AbleToShoot":false,"Health":10.0,"Speed":3,"Damage":1,"EnemyType":5},{"Pos":"746, 468","Origin":"17, 37","rotation":0.0,"HitBox":{"X":746,"Y":468,"Width":34,"Height":74},"Dead":false,"AbleToShoot":false,"Health":10.0,"Speed":3,"Damage":1,"EnemyType":5},{"Pos":"782, 374","Origin":"17, 37","rotation":0.0,"HitBox":{"X":782,"Y":374,"Width":34,"Height":74},"Dead":false,"AbleToShoot":false,"Health":10.0,"Speed":3,"Damage":1,"EnemyType":5},{"Pos":"823, 424","Origin":"17, 37","rotation":0.0,"HitBox":{"X":823,"Y":424,"Width":34,"Height":74},"Dead":false,"AbleToShoot":false,"Health":10.0,"Speed":3,"Damage":1,"EnemyType":5}]]